AAL;AAR;100.089
AAL;OSL;352.979
AAR;BMA;551.792
AAR;GOT;182.281
AAR;OSL;434.634
ABC;BCN;425.261
ABI;DFW;253.814
ABQ;AUS;995.664
ABQ;BNA;1807.35
ABQ;CMH;2160.54
ABQ;DFW;915.542
ABQ;MCI;1156.1
ABQ;MEM;1515.86
ABQ;MTY;1201.13
ABQ;ORD;1798.94
ABQ;PHL;2811.7
ABQ;STL;1502.53
ABV;LHR;4761.84
ABX;SYD;451.294
ABZ;LHR;647.075
ACA;AUS;1503.23
ACA;DFW;1808.54
ACA;ORD;3016.04
ACA;RIC;3181.49
ACC;LHR;5085.29
ACE;AGP;1207.95
ACE;MAD;1574.47
ACE;SVQ;1182.32
ACT;DFW;143.7
ADB;LGW;2571.66
ADL;ASP;1313.32
ADL;BNE;1621.16
ADL;CBR;972.426
ADL;DRW;2613.09
ADL;HKG;6838.75
ADL;MEL;642.519
ADL;OLP;518.297
ADL;PER;2119.74
ADL;SIN;5391.88
ADL;SYD;1166.73
AEP;BRC;1336.77
AEP;COR;649.557
AEP;CRD;1463.41
AEP;EZE;31.191
AEP;FTE;2068.56
AEP;IGR;1048.81
AEP;MDZ;980.54
AEP;NQN;996.089
AEP;RGL;2086.33
AEP;SLA;1273.81
AEP;UAQ;990.571
AEP;USH;2380.72
AEX;DFW;457.893
AGJ;OKA;59.67
AGP;CMN;462.759
AGP;CPH;2472.81
AGP;IBZ;571.837
AGP;LGW;1644.19
AGP;LHR;1675.59
AGP;LPA;1409.26
AGP;MAD;431.597
AGP;MLN;208.137
AGP;OVD;775.963
AGP;SDR;751.947
AGP;TFN;1433.81
AGP;TNG;165.294
AGP;VLC;470.891
AGP;VLL;559.38
AGU;DFW;1345.11
AKJ;HND;929.883
AKJ;ITM;1156.28
AKJ;KIX;1198.93
AKL;BNE;2297.79
AKL;CHC;744.819
AKL;HKG;9134.6
AKL;LAX;10467.1
AKL;MEL;2643.57
AKL;SCL;9673.9
AKL;SYD;2164.2
AKL;WLG;479.501
AKL;ZQN;1024.5
ALC;BIO;591.582
ALC;IBZ;180.611
ALC;LGW;1430.02
ALC;LPA;1793.97
ALC;MAD;356.973
ALC;OVD;745.811
ALC;SDR;633.958
ALC;SVQ;479.167
ALC;TFN;1822.6
ALG;LHR;1668.6
ALG;MAD;725.8
AMA;DFW;501.998
AMS;BUD;1171.36
AMS;HEL;1525.5
AMS;HKG;9306.67
AMS;LCY;336.091
AMS;LGW;365.761
AMS;LHR;371.332
AMS;MAD;1458.99
AMS;NRT;9342.22
ANF;IQQ;323.277
ANF;LSC;720.95
ANF;SCL;1103.03
ANU;GND;567.855
ANU;LGW;6568.4
ANU;MIA;2140.06
ANU;SJU;468.994
ANU;SKB;100.363
ANU;TAB;670.443
AOJ;CTS;241.445
AOJ;HND;580.746
AOJ;ITM;806.002
AOJ;NGO;736.335
AQP;CUZ;312.739
AQP;JUL;180.651
AQP;LIM;764.625
ARI;CPO;958.657
ARI;IQQ;242.613
ARI;SCL;1667.3
ARM;SYD;381.28
ARN;BUD;1362.3
ARN;HEL;400.013
ARN;LHR;1465.76
ARN;MAD;2602.56
ASJ;HND;1235.12
ASJ;ITM;889.369
ASJ;KOJ;386.253
ASJ;OKA;321.175
ASP;AYQ;333.665
ASP;BNE;1968.44
ASP;CNS;1454.49
ASP;DRW;1301.49
ASP;MEL;1857.2
ASP;PER;1979.07
ASP;SYD;2020.84
ATH;BUD;1122.61
ATH;LHR;2430.7
ATH;MAD;2383.17
ATL;AUS;1308.16
ATL;DFW;1177.04
ATL;DTW;956.501
ATL;GUA;2198.3
ATL;IAH;1109.14
ATL;ICT;1257.84
ATL;LGW;6805.94
ATL;MCI;1114.41
ATL;MEX;2141
ATL;MIA;956.89
ATL;MSP;1458.99
ATL;OKC;1224.22
ATL;ORD;974.941
ATL;PSP;2960.73
ATL;SAT;1406.87
ATL;SNA;3087.99
ATL;STL;778.976
ATL;TUL;1084.35
AUA;BOS;3310.82
AUA;DFW;3558.67
AUA;JFK;3139.56
AUA;MIA;1823.67
AUA;STL;3535.85
AUH;LHR;5523.1
AUH;MCT;381.168
AUS;BOS;2733.07
AUS;BWI;2159.72
AUS;DCA;2117.04
AUS;DEN;1247.42
AUS;DFW;305.565
AUS;ELP;850.37
AUS;EWR;2419.86
AUS;FLL;1778.39
AUS;HSV;1136.18
AUS;ICT;827.232
AUS;IND;1479.3
AUS;LAS;1753.74
AUS;LAX;1998.09
AUS;MCI;1045.3
AUS;MCO;1599.99
AUS;ORD;1573.37
AUS;PHL;2301.97
AUS;SDF;1409.82
AUS;SJC;2375.33
AUS;SMF;2382.85
AUS;STL;1161.03
AUS;TUS;1282.35
AUS;XNA;744.19
AXA;SJU;312.585
AXT;CTS;372.02
AXT;HND;452.632
AXT;ITM;683.459
AXT;KIX;725.324
AXT;NKM;564.896
AYQ;CNS;1788.03
AYQ;PER;1646.03
AYQ;SYD;2179.61
AYT;LGW;2913.04
AZO;ORD;196.673
BAH;DOH;145.747
BAH;DXB;487.781
BAH;HKG;6403.58
BAH;LHR;5100.02
BBA;PMC;510.142
BBA;SCL;1392.53
BBA;ZCO;797.941
BCI;BNE;891.794
BCI;LRE;105.901
BCI;RMA;480.986
BCN;BJZ;804.138
BCN;BLQ;833.001
BCN;BOG;8516.86
BCN;BOS;5873.39
BCN;CCS;7493.01
BCN;CQM;571.684
BCN;EAS;392.408
BCN;EZE;10457.5
BCN;GIG;8499.11
BCN;GRU;8742.42
BCN;GUA;9168.84
BCN;GYE;9497.33
BCN;HAV;7917.88
BCN;HEL;2631.69
BCN;IAD;6532.71
BCN;IBZ;275.809
BCN;JFK;6166.08
BCN;JNB;7938.92
BCN;LCY;1145.22
BCN;LEI;626.388
BCN;LEN;656.487
BCN;LGW;1108.74
BCN;LHR;1148.19
BCN;LIM;9999.81
BCN;MAD;483.928
BCN;MAH;241.252
BCN;MEX;9496.01
BCN;MIA;7559.15
BCN;MJV;463.263
BCN;MRS;350.841
BCN;MVD;10310
BCN;NCE;497.114
BCN;NTE;714.149
BCN;ORD;7112.18
BCN;ORY;825.8
BCN;OVD;713.156
BCN;PNA;349.105
BCN;PTY;8639.25
BCN;RGS;487.219
BCN;RJL;387.1
BCN;SCL;11131.5
BCN;SDQ;7171.86
BCN;SDR;540.289
BCN;SJO;8976.51
BCN;SJU;6864.19
BCN;SLM;637.545
BCN;TNG;931.235
BCN;TRN;626.443
BCN;UIO;9233.18
BCN;VIT;434.575
BCN;VLC;295.847
BCN;VLL;580.286
BDA;JFK;1226.57
BDA;LGW;5552.12
BDA;MIA;1683.07
BDA;PHX;4391.07
BDB;BNE;286.153
BDL;CZM;2726.15
BDL;DFW;2366.98
BDL;MIA;1922.17
BDL;ORD;1260.32
BDL;PLS;2236.38
BDL;RDU;855.704
BDL;SJU;2681.21
BDL;SNA;4034.77
BDL;STL;1540.92
BDL;UVF;3324.99
BEG;LHR;1705.84
BEY;BUD;2034.31
BGI;BOS;3431.14
BGI;JFK;3357.68
BGI;LGW;6760.26
BGI;MIA;2592.28
BGI;SJU;915.705
BHM;DFW;961.079
BHM;IAH;904.662
BHM;MSP;1374.01
BHM;PHX;2341.31
BHM;SAT;1197.92
BIO;BJZ;589.572
BIO;LCG;443.503
BIO;MAD;316.548
BIO;SCQ;450.306
BIO;SVQ;700.535
BIO;VGO;482.609
BIO;VLC;469.497
BJX;DFW;1390.28
BJZ;MAD;330.998
BKI;HKG;1823.05
BKK;BOM;3034.12
BKK;CMB;2393.16
BKK;DXB;4909.13
BKK;HEL;7911.7
BKK;HKG;1713.4
BKK;KHI;3729.78
BKK;KIX;4160.91
BKK;LHR;9588.65
BKK;NGO;4310.68
BKK;NRT;4649.91
BKK;SIN;1409.81
BKK;SYD;7502.01
BKQ;BNE;836.909
BKQ;LRE;160.57
BLL;BRU;621.582
BLL;CDG;872.354
BLL;DUS;519.939
BLL;HEL;1060.52
BLL;LCY;763.479
BLL;MAN;784.643
BLQ;LGW;1128.59
BLQ;MAD;1298.48
BLQ;VLC;1123.02
BLR;HKG;4001.05
BLR;LHR;8071.04
BLT;BNE;602.61
BLT;EMD;64.208
BLT;ZBL;195.067
BME;MEL;3119.07
BME;PER;1687.22
BMI;DFW;1110.04
BMI;ORD;187.059
BNA;BOS;1516.77
BNA;DCA;904.202
BNA;DFW;1015.81
BNA;ELP;1878.9
BNA;LAX;2892.72
BNA;LGA;1229.77
BNA;MIA;1296.99
BNA;OKC;990.63
BNA;ORD;658.489
BNA;SFO;3167.96
BNA;SLC;2259.65
BNA;STL;437.624
BNA;TPA;984.458
BNA;TUS;2275.84
BNA;UVF;3569.51
BNA;YYZ;1031.83
BNE;CBR;954.181
BNE;CNS;1387.69
BNE;CTL;689.359
BNE;DRW;2850.18
BNE;EMD;652.059
BNE;GLT;433.31
BNE;HKG;6911.66
BNE;HVB;230.032
BNE;ISA;1572.08
BNE;KTA;3756.16
BNE;LAX;11525.1
BNE;LDH;738.816
BNE;LRE;990.601
BNE;MEL;1379.22
BNE;MKY;795.645
BNE;MNL;5787.37
BNE;NOU;1451.37
BNE;NRT;7116.07
BNE;NTL;610.855
BNE;PER;3614.32
BNE;RMA;441.041
BNE;ROK;516.921
BNE;SIN;6140.58
BNE;SYD;750.798
BNE;TSV;1109.92
BNE;WLG;2512.09
BNE;ZBL;420.941
BOD;LGW;703.776
BOD;MAD;535.182
BOG;MAD;8033.75
BOG;MIA;2424.19
BOG;SCL;4230.86
BOM;DXB;1927.86
BOM;HEL;5925.74
BOM;HKG;4307.17
BOM;LHR;7221.08
BOM;SYD;10151.9
BON;SJU;739.189
BOS;CMH;1030.44
BOS;DCA;642.197
BOS;DEN;2822.96
BOS;DFW;2513.4
BOS;HDN;3011.58
BOS;IAH;2570.32
BOS;JFK;300.508
BOS;LAS;3831.67
BOS;LAX;4202.31
BOS;LGA;297.074
BOS;LHR;5254.16
BOS;MAD;5487.27
BOS;MIA;2024.97
BOS;NRT;10785.3
BOS;ORD;1394.78
BOS;PLS;2286.33
BOS;RDU;984.792
BOS;SAL;3647.24
BOS;SDQ;2656.49
BOS;SEA;4016.55
BOS;SFO;4351.96
BOS;SJC;4327.27
BOS;SJO;3811.12
BOS;SJU;2694.34
BOS;SLC;3388.38
BOS;SNA;4171.48
BOS;STL;1684.53
BOS;STT;2724.24
BOS;XNA;2111.78
BOS;YYZ;717.715
BRU;BUD;1141.64
BRU;HEL;1650.72
BRU;JFK;5901.58
BRU;LHR;351.6
BRU;MAD;1313.97
BRU;ORD;6693.96
BRU;OVD;1138.06
BSL;LHR;721.491
BTR;DFW;616.466
BUD;CDG;1250.97
BUD;CLJ;343.949
BUD;CPH;1017.87
BUD;DAM;2128.39
BUD;DME;1563.66
BUD;DUB;1919.49
BUD;FCO;836.46
BUD;FRA;838.121
BUD;GOT;1230.84
BUD;GVA;1010.51
BUD;HAM;950.554
BUD;HEL;1480.58
BUD;IST;1046.89
BUD;KBP;911.549
BUD;LCA;1838.04
BUD;LGW;1468.6
BUD;LHR;1493.14
BUD;LJU;390.053
BUD;MAD;1978.11
BUD;MXP;831.504
BUD;ODS;876.163
BUD;OTP;618.242
BUD;PRG;471.649
BUD;PRN;558.44
BUD;SJJ;407.896
BUD;SKG;824.108
BUD;SKP;636.598
BUD;SOF;619.901
BUD;STR;760.145
BUD;SVX;2975.54
BUD;TGD;564.262
BUD;TGM;407.006
BUD;TIA;670.203
BUD;TLV;2165.94
BUD;TSR;241.122
BUD;TXL;712.06
BUD;VAR;817.551
BUD;VCE;571.808
BUD;WAW;540.162
BUD;ZAG;308.355
BUD;ZRH;806.806
BUF;ORD;761.625
BUR;DFW;1981.77
BUR;IAH;2217.43
BUR;IND;2904.23
BUR;ORF;3803.45
BUR;SDF;2951.9
BWI;CCS;3307.84
BWI;DFW;1958.16
BWI;IAH;1987.78
BWI;ICT;1817.48
BWI;JFK;295.749
BWI;KIN;2354.05
BWI;LHR;5848.58
BWI;MCI;1555.51
BWI;MIA;1522.16
BWI;MSY;1606.75
BWI;ORD;1000.15
BWI;SAN;3693.43
BWI;SDQ;2396.66
BWI;SJU;2518.5
BZE;DFW;1913.16
BZE;LAX;3503.82
BZE;MIA;1233.69
BZE;SEA;4538.96
CAI;LHR;3535.86
CAI;MAD;3356.15
CAN;KIX;2457.14
CAN;NGO;2607.16
CAN;NRT;2946.96
CBR;MEL;470.015
CBR;PER;3091.35
CBR;SYD;236.275
CCP;SCL;428.578
CCS;DFW;3942.36
CCS;JFK;3394.3
CCS;MAD;7009.81
CCS;MIA;2188.61
CCS;PHL;3343.66
CCS;SCL;4885.24
CCS;SJU;873.517
CCU;LHR;7996.93
CDG;DFW;7962.62
CDG;HEL;1900.07
CDG;HKG;9624.07
CDG;JFK;5849.49
CDG;LHR;348.229
CDG;MIA;7384.88
CDG;NGO;9674.93
CDG;NRT;9733.83
CDG;ORD;6682.78
CEB;HKG;1689.3
CFE;MAD;803.225
CFS;SYD;441.675
CGK;HKG;3251.48
CGK;NRT;5824.98
CGK;SYD;5517.41
CHA;DFW;1118.44
CHA;ORD;805.819
CHC;ROT;677.298
CHC;SYD;2129
CHC;ZQN;347.415
CHS;DFW;1588.6
CID;DFW;1102.83
CID;LGA;1495.67
CID;ORD;315.819
CID;STL;366.379
CIX;LIM;651.091
CJA;LIM;560.711
CJC;SCL;1221.37
CKG;HKG;1114.91
CLE;DFW;1643.26
CLE;JFK;683.933
CLE;LGA;673.67
CLE;ORD;507.874
CLL;DFW;263.785
CLO;MIA;2497.21
CLT;DFW;1506.3
CLT;MIA;1046.24
CLT;ORD;964.51
CLT;SAT;1762.48
CLT;SJD;3086.52
CLT;SLC;2779.69
CLT;STL;925.83
CLT;YYC;3176.7
CMB;HKG;4041.04
CMB;SIN;2751.9
CMH;DEN;1857.35
CMH;DFW;1490.32
CMH;LGA;770.363
CMH;MIA;1593.8
CMH;ORD;475.638
CMH;PDX;3272.67
CMH;RDU;582.371
CMI;DFW;1114.49
CMI;ORD;217.646
CMN;MAD;867.986
CMN;VLC;930.909
CNF;MIA;6378.4
CNS;DRW;1677.29
CNS;GOV;1089.81
CNS;HID;791.199
CNS;HKG;5534.43
CNS;HTI;511.325
CNS;MEL;2305.21
CNS;MKY;595.755
CNS;PER;3433.28
CNS;SYD;1966.13
CNS;TSV;282.911
CNS;WEI;621.778
COR;SCL;660.14
COS;DAY;1765.71
COS;DFW;952.716
COS;IAD;2355.5
COS;IAH;1301.61
COS;MCI;865.799
COS;MEM;1374.97
COS;RDU;2311.26
COS;SDF;1653.1
CPH;HEL;894.736
CPH;LHR;981.897
CPH;MAD;2060.33
CPO;IQQ;716.216
CPO;LSC;343.869
CPO;SCL;712.697
CPT;DUR;1247.46
CPT;JNB;1270.57
CPT;LHR;9646.7
CQM;LPA;1621.79
CRP;DFW;570.033
CSX;HKG;658.027
CTA;LGW;1939.46
CTL;RMA;250.941
CTS;FUK;1415.42
CTS;GAJ;497.237
CTS;HIJ;1198.92
CTS;HKG;3409.17
CTS;HNA;374.584
CTS;HND;818.662
CTS;ITM;1039.45
CTS;KIX;1082.09
CTS;MMB;235.089
CTS;NGO;975.511
CTS;NRT;786.381
CTS;SDJ;518.908
CTS;UKB;1063.91
CTU;HKG;1370.83
CUN;DFW;1654.59
CUN;JFK;2502
CUN;MCO;993.535
CUN;MIA;854.524
CUN;ORD;2324.07
CUN;SCL;6260.93
CUN;SJU;2205.32
CUR;MIA;1918.76
CUU;DFW;972.1
CUZ;IQT;1088.88
CUZ;JUL;287.227
CUZ;LIM;586.361
CUZ;PEM;311.121
CUZ;TCQ;530.664
CVG;DFW;1306.17
CVG;MIA;1525.97
CVG;ORD;425.493
CWA;ORD;340.991
CZM;DCA;2242.35
CZM;DFW;1698.5
CZM;MIA;895.43
DAC;HKG;2441.43
DAC;LHR;8028.5
DAL;ORD;1284.64
DAR;LHR;7491.39
DAY;DFW;1385.78
DAY;LAS;2736.24
DAY;MSY;1229.12
DAY;ONT;3023.64
DAY;STL;545.493
DBO;SYD;309.548
DBQ;ORD;236.392
DBV;LGW;1693.32
DCA;DEN;2375.1
DCA;DFW;1918.31
DCA;IAH;1943.62
DCA;JFK;342.614
DCA;KIN;2318.26
DCA;LAS;3361.48
DCA;LAX;3719.17
DCA;MIA;1479.84
DCA;MSP;1497.66
DCA;MSY;1559.93
DCA;ORD;984.65
DCA;PHX;3184.52
DCA;PLS;1947.3
DCA;RDU;364.669
DCA;SAN;3662.57
DCA;SEA;3747.42
DCA;STL;1157.22
DCA;TPA;1309.44
DCA;TUL;1688.99
DCA;TUS;3146.76
DEL;HEL;5229.14
DEL;HKG;3779.46
DEL;LHR;6744.08
DEL;NRT;5920.67
DEL;ORD;12044.1
DEN;DFW;1031.94
DEN;DTW;1806.84
DEN;IND;1571.59
DEN;LAX;1387.03
DEN;LGA;2606.44
DEN;LHR;7516.46
DEN;MFE;1631.31
DEN;MIA;2750.3
DEN;ORD;1429.57
DEN;STL;1238.55
DEN;TPA;2424.46
DEN;VVI;7686.91
DFW;DSM;1004.03
DFW;DTW;1587.33
DFW;EGE;1159.89
DFW;ELP;887.115
DFW;EVV;1033.36
DFW;EWR;2208.48
DFW;EZE;8506.28
DFW;FAT;2113.43
DFW;FLL;1800.79
DFW;FRA;8276.34
DFW;FSM;365.946
DFW;FWA;1382.4
DFW;GCM;2170.08
DFW;GDL;1505.62
DFW;GGG;225.582
DFW;GJT;1243.38
DFW;GPT;804.311
DFW;GRK;216.201
DFW;GRR;1498.48
DFW;GRU;8225.62
DFW;GSO;1607.93
DFW;GSP;1387.23
DFW;GUA;2132.78
DFW;GUC;1091.56
DFW;HDN;1237.78
DFW;HNL;6090.53
DFW;HOU;397.491
DFW;HSV;969.67
DFW;IAD;1885.73
DFW;IAH;360.927
DFW;ICT;528.546
DFW;IND;1224.76
DFW;JAC;1684.27
DFW;JAN;656.633
DFW;JAX;1478.06
DFW;JFK;2238.69
DFW;LAS;1698.24
DFW;LAW;225.093
DFW;LAX;1987.43
DFW;LBB;453.739
DFW;LEX;1262.82
DFW;LFT;564.706
DFW;LGA;2235.11
DFW;LHR;7644.72
DFW;LIR;2736.05
DFW;LIT;489.779
DFW;LRD;637.563
DFW;MAF;497.065
DFW;MBJ;2487.52
DFW;MCI;740.336
DFW;MCO;1584.82
DFW;MEM;694.439
DFW;MEX;1504.97
DFW;MFE;753.979
DFW;MIA;1803.9
DFW;MKE;1373.05
DFW;MLI;1111.42
DFW;MLU;470.764
DFW;MOB;867.789
DFW;MSN;1321.41
DFW;MSP;1370.64
DFW;MSY;720.202
DFW;MTJ;1161.53
DFW;MTY;843.27
DFW;NAS;2092.45
DFW;NRT;10343.9
DFW;OGG;5971.6
DFW;OKC;281.71
DFW;OMA;938.414
DFW;ONT;1912.45
DFW;ORD;1290.34
DFW;ORF;1951.26
DFW;PBI;1774.24
DFW;PDX;2600.35
DFW;PHL;2096.47
DFW;PHX;1396.81
DFW;PIA;1082.07
DFW;PIT;1717.91
DFW;PNS;971.506
DFW;POS;4406.52
DFW;PSP;1812.21
DFW;PTY;3202.41
DFW;PVR;1579.57
DFW;RDU;1707.99
DFW;RIC;1863.02
DFW;RNO;2164.41
DFW;ROW;700.722
DFW;RSW;1635.92
DFW;SAN;1884.4
DFW;SAT;397.032
DFW;SAV;1489.08
DFW;SBA;2117.28
DFW;SCL;7836
DFW;SDF;1179.11
DFW;SEA;2671.05
DFW;SFO;2356.72
DFW;SGF;586.018
DFW;SHV;305.417
DFW;SJC;2314.94
DFW;SJD;1647.28
DFW;SJO;2857.32
DFW;SJT;368.24
DFW;SJU;3484.43
DFW;SLC;1591.08
DFW;SLP;1240.05
DFW;SMF;2302.89
DFW;SNA;1939.03
DFW;SPS;181.501
DFW;STL;885.27
DFW;TAM;1177.46
DFW;TPA;1494.67
DFW;TRC;1021.04
DFW;TUL;381.136
DFW;TUS;1308.41
DFW;TXK;290.812
DFW;TYR;164.872
DFW;TYS;1241.74
DFW;VPS;1031.49
DFW;XNA;451.375
DFW;YUL;2435.01
DFW;YVR;2822.17
DFW;YYC;2451.42
DFW;YYZ;1929.99
DFW;ZIH;1751.39
DKR;LPA;1476.74
DKR;MAD;3158.15
DLC;HKG;1973.71
DLC;KIX;1322.19
DLC;NRT;1703.71
DME;LHR;2552.95
DME;MAD;3443.82
DME;NRT;7532.1
DME;ORD;8064.88
DOH;LHR;5245.63
DOM;SJU;594.202
DPO;MEL;411.494
DPS;HKG;3437.55
DPS;KIX;5227.16
DPS;NRT;5592.1
DRW;GOV;646.821
DRW;PER;2646.71
DRW;SYD;3150.46
DSM;LGA;1659.69
DSM;ORD;481.35
DSM;STL;417.543
DTW;GCM;2548.05
DTW;LGA;807.123
DTW;MIA;1842.75
DTW;OKC;1447.9
DTW;ORD;377.387
DTW;PDX;3143.41
DTW;SLC;2384.07
DTW;TUS;2678.53
DTW;YUL;852.868
DTW;YYC;2523.77
DUB;LCY;479.661
DUB;LGW;485.694
DUB;MAD;1451.55
DUB;ORD;5911.95
DUR;JNB;500.871
DUS;HEL;1511.56
DUS;LHR;503.453
DUS;MAD;1440.23
DXB;HKG;5957.14
DXB;LHR;5504.88
EAS;MAD;350.44
EBB;LHR;6483.46
EDI;LCY;543.82
EDI;LGW;574.409
EDI;LHR;533.492
EGE;JFK;2809.5
EGE;LAX;1203.46
EGE;LGA;2799.41
EGE;MIA;2913.59
EGE;ORD;1621.62
EIS;SJU;154.114
ELP;LAX;1149.79
ELP;MCO;2439.23
ELP;MFE;1008.66
ELP;ORD;1989.41
ELP;PHL;2934.76
ELP;SAT;798.398
ELP;STL;1644.07
ELP;TPA;2337.08
ELP;TUL;1083.69
EVV;ORD;438.801
EWR;LAX;3949.77
EWR;LHR;5576.58
EWR;MIA;1746.94
EWR;MSP;1622.6
EWR;ORD;1157.41
EWR;PHX;3432.6
EWR;SEA;3865
EWR;STL;1403.74
EYW;MIA;201.762
EZE;FLN;1237.34
EZE;GRU;1721.26
EZE;GYE;4238.8
EZE;JFK;8499.92
EZE;LAX;9840.18
EZE;LHR;11110.6
EZE;MAD;10061.9
EZE;MIA;7089.98
EZE;MVD;229.157
EZE;PUJ;5999.17
EZE;SCL;1140.63
EZE;SYD;11789.7
FAO;LGW;1687.11
FAT;HSV;2976.05
FAT;LAX;336.161
FAT;MEX;2782.12
FCO;HEL;2234.94
FCO;HKG;9319.26
FCO;JFK;6884.05
FCO;LGW;1407.47
FCO;LHR;1446.27
FCO;MAD;1333.89
FCO;NRT;9928.15
FDF;SJU;682.626
FKS;ITM;525.274
FKS;KIX;561.694
FKS;OKA;1718.55
FLL;IND;1617.54
FLL;JFK;1719.82
FLL;KIN;965.504
FLL;LAX;3769.64
FLL;ORD;1901.95
FLL;PAP;1158.69
FLL;SFO;4157.48
FLL;SJO;1830.26
FLL;STL;1700.21
FLN;SCL;2221.43
FNT;ORD;359.291
FOC;HKG;685.184
FPO;MIA;180.596
FRA;HEL;1543.07
FRA;HKG;9188.78
FRA;LCY;620.622
FRA;LHR;655.192
FRA;MAD;1419.77
FRA;NRT;9391.73
FRA;ORD;6989.39
FRA;SCL;12079.8
FRA;SIN;10284.7
FRA;SYD;16494.4
FRA;ZAZ;1188.69
FTE;USH;567.912
FUE;MAD;1634.08
FUE;SVQ;1241.53
FUK;HKG;2024.79
FUK;HND;883.044
FUK;ITM;478.581
FUK;KCZ;298.895
FUK;KIX;452.65
FUK;KMI;211.318
FUK;MYJ;210.199
FUK;NGO;602.211
FUK;NKM;623.077
FUK;NRT;941.644
FUK;OKA;862.696
FUK;SDJ;1070.92
FUK;TPE;1299.08
FWA;ORD;252.101
GAJ;HND;321.687
GAJ;ITM;597.128
GAJ;NKM;466.077
GCM;LHR;7729.06
GCM;MIA;728.128
GCM;NAS;752.149
GGT;MIA;524.182
GIB;LGW;1716.33
GIG;JFK;7702.62
GIG;LHR;9227.97
GIG;MAD;8123.45
GIG;MIA;6698.78
GIG;SCL;2937.83
GLA;LCY;569.057
GLA;LGW;596.102
GLA;LHR;554.866
GLT;MKY;365.288
GLT;ROK;93.487
GMP;HND;1183
GMP;KIX;836.91
GND;LGW;7007.75
GND;MIA;2470.24
GND;SJU;843.714
GOA;LGW;1007.71
GOA;MAD;1107.93
GOT;HEL;785.319
GRB;MQT;232.071
GRB;ORD;279.056
GRR;ORD;220.147
GRU;JFK;7635.69
GRU;LHR;9435.29
GRU;LIM;3477.11
GRU;MAD;8355.19
GRU;MIA;6553.21
GRU;NRT;18489.8
GRU;SCL;2617.1
GRX;LPA;1495.18
GRX;MAD;367.325
GRX;MLN;224.305
GRX;TFN;1519.33
GSO;MIA;1142.92
GUA;MAD;8719.26
GUA;MIA;1636.9
GUC;ORD;1660.11
GUM;KIX;2512.6
GUM;NRT;2507.37
GVA;HEL;1994.2
GVA;LCY;734.539
GVA;LGW;715.848
GVA;LHR;755.655
GVA;MAD;1009.87
GYE;JFK;4779.38
GYE;LIM;1132.86
GYE;MAD;9013.69
GYE;MIA;3092.62
GYE;SCL;3585.4
HAM;HEL;1171.76
HAM;LHR;747.355
HAN;HKG;875.887
HAN;KIX;3231.83
HAN;NRT;3723.29
HAV;MAD;7474.26
HAV;SCL;6360.07
HBA;MEL;616.441
HBA;SYD;1037.22
HDN;ORD;1624.31
HEL;HKG;7835.31
HEL;ICN;7050.34
HEL;IVL;931.484
HEL;JFK;6625.72
HEL;JOE;359.756
HEL;JYV;235.166
HEL;KAJ;464.279
HEL;KAO;667.426
HEL;KBP;1171.15
HEL;KIX;7750.35
HEL;KOK;391.116
HEL;KTT;823.162
HEL;KUO;335.206
HEL;LED;300.659
HEL;LHR;1852.67
HEL;LIS;3369.3
HEL;MAD;2950.2
HEL;MAN;1817.18
HEL;MUC;1577.23
HEL;MXP;1953.14
HEL;NGO;7780.06
HEL;NRT;7849.23
HEL;OSL;766.319
HEL;OTP;1753.67
HEL;OUL;514.527
HEL;PEK;6324.73
HEL;PRG;1322.16
HEL;PVG;7409.75
HEL;RIX;382.376
HEL;RVN;697.751
HEL;STR;1638.95
HEL;SVO;876.442
HEL;SVX;2098.09
HEL;TKU;150.399
HEL;TLL;100.971
HEL;TMP;142.796
HEL;TXL;1121.36
HEL;VAA;348.495
HEL;VIE;1462.18
HEL;VNO;633.218
HEL;WAW;940.422
HEL;ZRH;1781.4
HGH;HKG;1075.18
HGH;KIX;1468.57
HGH;NRT;1958.88
HIJ;HND;638.296
HKD;HND;696.132
HKG;HKT;2315.3
HKG;HND;2880.49
HKG;ICN;2050.68
HKG;JFK;12986.4
HKG;JNB;10697.8
HKG;KHH;634.163
HKG;KHI;4785.28
HKG;KIX;2453.58
HKG;KMG;1204.92
HKG;KTM;2964.1
HKG;KUL;2551.04
HKG;KWL;531.756
HKG;LAX;11663.7
HKG;LHR;9663.09
HKG;MAA;3743.99
HKG;MEL;7374.68
HKG;MNL;1124.88
HKG;NGB;1104.39
HKG;NGO;2602.47
HKG;NKG;1142.15
HKG;NRT;2940.27
HKG;PEK;1982.53
HKG;PEN;2406.19
HKG;PER;6006.59
HKG;PNH;1551.97
HKG;PUS;2021.66
HKG;PVG;1236.03
HKG;RMQ;691.803
HKG;RUH;6820.25
HKG;SFO;11127.5
HKG;SGN;1504.64
HKG;SHE;2279.43
HKG;SIN;2568.86
HKG;SUB;3288.18
HKG;SYD;7356.28
HKG;SYX;668.359
HKG;TAO;1657.69
HKG;TPE;780.067
HKG;WUH;938.24
HKG;XIY;1445.78
HKG;XMN;471.573
HKG;YVR;10271.1
HKG;YYZ;12562.9
HNA;ITM;722.148
HNA;KIX;762.92
HNA;NGO;636.39
HND;ISG;1947.16
HND;ITM;404.524
HND;IZO;625.306
HND;KCZ;603.242
HND;KIX;432.194
HND;KKJ;822.984
HND;KMI;872.76
HND;KMJ;875.603
HND;KMQ;318.256
HND;KOJ;936.9
HND;KUH;914.064
HND;MMB;997.783
HND;MMY;1832.4
HND;MSJ;588.433
HND;MYJ;676.211
HND;NGS;954.309
HND;OBO;850.599
HND;OIT;773.186
HND;OKA;1554
HND;OKJ;546.896
HND;SHA;1779.86
HND;SHM;455.971
HND;TAK;547.367
HND;TKS;498.589
HND;UBJ;798.744
HND;UKB;427.726
HNL;KIX;6624.47
HNL;LAX;4113.26
HNL;MCO;7655.21
HNL;MIA;7824.69
HNL;NGO;6477.37
HNL;NRT;6145.61
HNL;ORD;6829.37
HNL;SFO;3860.05
HNL;SYD;8153.34
HPN;ORD;1187.98
HRE;JNB;955.002
HSV;LAS;2575.05
HSV;MCI;875.359
HSV;ORD;820.845
HYD;LHR;7746.49
IAD;LAX;3682.21
IAD;LHR;5917.09
IAD;MAD;6140.98
IAD;MFE;2401.52
IAD;MIA;1482.34
IAD;SAT;2191.81
IAD;SNA;3646.09
IAD;STL;1120.42
IAD;XNA;1514.57
IAH;LGA;2279.45
IAH;LHR;7779.39
IAH;MCO;1374.55
IAH;MIA;1551.57
IAH;MSP;1663.85
IAH;ORD;1488.78
IAH;PHX;1623.83
IAH;TPA;1267.26
IBZ;MAD;460.319
IBZ;MAH;268.699
IBZ;ORY;1097.52
IBZ;PMI;139.283
IBZ;VLC;174.259
ICN;KIX;861.382
ICN;NGO;975.093
ICN;NRT;1259.74
ICN;TPE;1460.24
ICT;MEM;728.928
ICT;ORD;946.057
ICT;SJD;1990.24
ICT;STL;630.428
IGR;MVD;1019.92
IND;MIA;1642.38
IND;ORD;285.471
IND;PHL;946.278
IND;STL;367.93
IPC;PPT;4254.5
IPC;SCL;3759.14
IQQ;LPB;492.177
IQQ;SCL;1425.91
IQQ;SLA;679.322
IQQ;VVI;807.425
IQT;LIM;1002.8
ISG;KIX;1547.97
ISG;MMY;122.306
ISG;OGN;123.399
ISG;OKA;404.255
ISG;UKB;1561.78
IST;LHR;2518.77
IST;MAD;2720.1
ITM;KIJ;449.331
ITM;KMI;491.864
ITM;KMJ;476.133
ITM;KOJ;549.944
ITM;MSJ;838.931
ITM;NGS;551.593
ITM;NRT;463.065
ITM;OKA;1210.01
ITM;SDJ;616
IVL;KTT;146.662
JAC;ORD;1870.9
JAX;MEX;2135.86
JAX;MIA;538.695
JAX;OKC;1581.87
JAX;OMA;1751.52
JAX;ORD;1390.49
JAX;STL;1212.2
JER;LGW;258.992
JFK;LAS;3617.8
JFK;LAX;3983.03
JFK;LGW;5583.9
JFK;LHR;5554.5
JFK;LIM;5839.92
JFK;MAD;5775.6
JFK;MBJ;2485.44
JFK;MCO;1519.19
JFK;MIA;1753.54
JFK;MXP;6429.89
JFK;NRT;10854.7
JFK;ORD;1190.87
JFK;PAP;2449.43
JFK;PIT;546.693
JFK;PLS;2096.63
JFK;PUJ;2500.95
JFK;RDU;686.451
JFK;SAN;3936.34
JFK;SCL;8202.26
JFK;SDQ;2493.18
JFK;SEA;3896.9
JFK;SFO;4161.97
JFK;SJO;3547.62
JFK;SJU;2570.96
JFK;SKB;2795.72
JFK;STI;2373.24
JFK;STL;1436.31
JFK;STT;2611.95
JFK;SXM;2705.66
JFK;SYD;16012.8
JFK;TPA;1617.44
JFK;UVF;3232.7
JFK;YHZ;962.679
JFK;YUL;536.675
JFK;YVR;3940.71
JFK;YYZ;589.438
JFK;ZRH;6326.52
JNB;LHR;9045.38
JNB;LVI;954.269
JNB;MAD;8077.79
JNB;MRU;3070.26
JNB;PLZ;905.779
JNB;SYD;11043.9
JNB;VFA;924.512
JNB;WDH;1166.42
JUL;LIM;843.231
KAJ;OUL;132.984
KBP;LHR;2192.08
KCZ;NKM;354.212
KCZ;OKA;1000.75
KGI;PER;538.047
KHH;NRT;2427.71
KIJ;NKM;320.779
KIN;LGW;7545.09
KIN;MIA;942.199
KIX;KUL;4935.91
KIX;LHR;9554.24
KIX;MMB;1299.85
KIX;MMY;1438.19
KIX;OKA;1168.84
KIX;PEK;1765.7
KIX;PUS;582.801
KIX;PVG;1309.58
KIX;SIN;4893.6
KIX;TPE;1703.53
KKJ;OKA;908.666
KMJ;NGO;594.457
KMJ;NKM;621.085
KMQ;OKA;1403.61
KOA;LAX;4029.65
KOA;NRT;6402.53
KOJ;NGO;660.009
KOJ;TKN;474.24
KOJ;UKB;524.115
KRK;LGW;1414.5
KRK;MAD;2106.1
KTA;PER;1246.55
KTD;MMD;12.6
KTD;OKA;369.364
KUL;NRT;5402.7
KUL;SIN;297.312
KWI;LHR;4681.57
LAD;LHR;6812.92
LAS;LAX;380.154
LAS;MCI;1833.6
LAS;MCO;3281.91
LAS;MFE;1946.66
LAS;MIA;3499.4
LAS;ORD;2437.01
LAS;SJU;5181.42
LAS;STL;2206.96
LAS;YUL;3604.03
LAX;LHR;8780.39
LAX;LIH;4208.68
LAX;LIM;6705.96
LAX;MAN;8550.41
LAX;MCI;2194.07
LAX;MCO;3569.07
LAX;MEL;12747.7
LAX;MIA;3768.95
LAX;MRY;428.617
LAX;MSP;2471.03
LAX;MSY;2688.09
LAX;NRT;8772.92
LAX;OGG;4000.05
LAX;OKC;1910.4
LAX;ORD;2807.68
LAX;PBI;3749.31
LAX;RDU;3602.54
LAX;RSW;3602.13
LAX;SAL;3732.84
LAX;SAN;175.624
LAX;SBA;142.521
LAX;SCL;8962.39
LAX;SFO;543.042
LAX;SJC;495.548
LAX;SJD;1465.78
LAX;SJU;5449.68
LAX;STL;2562.21
LAX;SYD;12050.6
LAX;TPA;3472.83
LAX;XNA;2206.72
LAX;YYZ;3501.17
LCA;LHR;3283.18
LCG;MAD;506.475
LCG;ZAZ;629.684
LCY;LYS;741.761
LCY;MAD;1255.3
LCY;NCE;1024.21
LCY;WAW;1438.36
LCY;ZRH;761.285
LDH;SYD;786.815
LED;LHR;2119.55
LEI;MAD;418.293
LEI;MLN;181.406
LEN;MAD;290.101
LGA;MCO;1528.71
LGA;MIA;1764.76
LGA;MSN;1306.71
LGA;MSP;1642.02
LGA;ORD;1180.08
LGA;PBI;1665.05
LGA;PHX;3457.81
LGA;PIT;538.899
LGA;PSP;3818.99
LGA;RDU;692.904
LGA;SAT;2552.04
LGA;SEA;3882.79
LGA;SNA;3940.89
LGA;STL;1429.3
LGA;XNA;1845.57
LGA;YUL;521.508
LGA;YYZ;574
LGW;LUX;485.538
LGW;MAD;1212.59
LGW;MAN;283.71
LGW;MCO;7005.14
LGW;MLA;2063.59
LGW;MRS;949.259
LGW;NAP;1594.04
LGW;PFO;3190.55
LGW;PMI;1308.43
LGW;POS;7100.11
LGW;PRN;1868.44
LGW;PSA;1149.53
LGW;SKB;6617.32
LGW;SKG;2138.27
LGW;SZG;1024.79
LGW;TAB;7017.81
LGW;TIA;1867.81
LGW;TLS;844.087
LGW;TPA;7124.83
LGW;TRN;880.668
LGW;TUN;1790.8
LGW;UVF;6801.81
LGW;VAR;2280.73
LGW;VCE;1119.58
LGW;VRN;1040.02
LGW;ZRH;755.382
LHR;LIN;982.694
LHR;LIS;1564.74
LHR;LOS;4989.95
LHR;LUN;7914.69
LHR;LYS;758.907
LHR;MAA;8241.8
LHR;MAD;1244.05
LHR;MAN;242.503
LHR;MCT;5840.51
LHR;MEL;16903.5
LHR;MEX;8916.91
LHR;MIA;7121.24
LHR;MRU;9764.97
LHR;MUC;944.342
LHR;MXP;938.343
LHR;NAS;6988
LHR;NBO;6565.58
LHR;NCE;1042.51
LHR;NCL;404.6
LHR;NRT;9614.8
LHR;ORD;6361.3
LHR;OSL;1207.4
LHR;OTP;2110.48
LHR;PEK;8174.95
LHR;PHL;5704.82
LHR;PHX;8482.67
LHR;PLS;6893.37
LHR;PRG;1047.52
LHR;PVG;9261.88
LHR;RDU;6231.11
LHR;SEA;7724.88
LHR;SFO;8637.93
LHR;SIN;10887.8
LHR;SOF;2045.4
LHR;STR;758.497
LHR;SYD;17015.5
LHR;TIP;2365.45
LHR;TLV;3593.45
LHR;TXL;950.071
LHR;VCE;1154.14
LHR;VIE;1278.82
LHR;WAW;1474.15
LHR;YUL;5229.45
LHR;YVR;7601.46
LHR;YYC;7036.64
LHR;YYZ;5723.28
LHR;ZRH;790.139
LIH;SJU;9593.71
LIL;MAD;1232.7
LIM;LPB;1083.13
LIM;MAD;9519.67
LIM;MDE;2019.74
LIM;MEX;4231.24
LIM;MIA;4197.34
LIM;PCL;489.761
LIM;PEM;860.225
LIM;PIU;846.56
LIM;SCL;2452.87
LIM;TBP;1003.43
LIM;TCQ;992.701
LIM;TPP;615.147
LIM;TRU;487.57
LIM;UIO;1322.56
LIM;VVI;1627.27
LIN;MAD;1181.48
LIR;MIA;1771.12
LIR;YYZ;3710.57
LIS;MAD;514.377
LIS;VLC;752.1
LIS;ZAZ;759.37
LIT;ORD;888.521
LOS;MAD;3819.1
LPA;MAD;1765.03
LPA;SCQ;1775.25
LPA;SDR;2008.43
LPA;VLC;1879.84
LPB;MIA;4860.2
LPB;SCL;1887.84
LPB;VVI;552.614
LRM;MIA;1426.82
LRM;SJU;307.405
LSC;SCL;387.482
LSE;ORD;345.56
LST;MEL;475.611
LYS;MAD;912.615
MAD;MAH;666.582
MAD;MEX;9080.28
MAD;MIA;7119.7
MAD;MJV;384.407
MAD;MLN;581.166
MAD;MPL;710.946
MAD;MRS;797.328
MAD;MUC;1498.06
MAD;MVD;9922.39
MAD;MXP;1150.9
MAD;NAP;1507.52
MAD;NCE;958.142
MAD;NTE;756.413
MAD;OPO;439.166
MAD;ORD;6761.69
MAD;ORY;1027.84
MAD;OTP;2465.11
MAD;OVD;397.504
MAD;PMI;547.257
MAD;PNA;299.203
MAD;PRG;1751.78
MAD;PSA;1206.4
MAD;PTY;8163.06
MAD;RAK;1064.71
MAD;RJL;241.338
MAD;RNS;854.353
MAD;SCL;10699.3
MAD;SCQ;483.735
MAD;SDQ;6698.03
MAD;SDR;326.503
MAD;SJO;8507.22
MAD;SJU;6386.66
MAD;SPC;1846.93
MAD;SSG;4251.55
MAD;SVQ;396.49
MAD;SXB;1259.01
MAD;TFN;1771.46
MAD;TFS;1823.75
MAD;TLS;536.346
MAD;TLV;3551.41
MAD;TNG;567.746
MAD;TRN;1054.12
MAD;TXL;1854.22
MAD;UIO;8749.74
MAD;VCE;1409.27
MAD;VGO;465.224
MAD;VIE;1808.52
MAD;VIT;274.472
MAD;VLC;286.092
MAD;WAW;2273.92
MAD;XRY;469.346
MAD;ZAZ;248.966
MAD;ZRH;1240.52
MAH;PMI;132.375
MAH;VLC;405.352
MAN;ORD;6157.33
MAR;MIA;1912.49
MBJ;MIA;843.512
MBJ;MSY;1783.73
MBJ;SNA;4302.41
MCI;MCO;1725.9
MCI;MSP;632.407
MCI;ORD;648.128
MCI;SLC;1480.18
MCI;YYZ;1347.87
MCO;MIA;309.047
MCO;MSP;2108.46
MCO;ORD;1617.41
MCO;PHX;2975.15
MCO;SAN;3458.13
MCO;SDQ;1623.31
MCO;SFO;3936.27
MCO;SJU;1912.85
MCO;STL;1418.65
MDE;MIA;2233.02
MDE;UIO;775.96
MDZ;SCL;196.149
MEL;MQL;455.927
MEL;PER;2706.13
MEL;PVG;7985.67
MEL;SIN;6023.94
MEL;SYD;705.925
MEL;WLG;2595.68
MEM;MIA;1383.14
MEM;ORD;790.794
MEM;PDX;2983.77
MEM;SAN;2522.58
MEM;SJC;2871.43
MEM;SLC;2030.6
MEX;MIA;2052.66
MEX;NRT;11271.7
MEX;ORD;2712.73
MEX;SCL;6573.22
MEX;SDF;2444.81
MEX;YVR;3940.77
MEX;YYZ;3242.47
MFE;OKC;1023.67
MFE;OMA;1691.69
MFE;PBI;1809.17
MGA;MIA;1632.22
MGA;TPA;1793.31
MHH;MIA;330.387
MIA;MSP;2415.17
MIA;MSY;1085.56
MIA;MVD;7181.44
MIA;NAS;296.175
MIA;ORD;1926.44
MIA;ORF;1290.5
MIA;PAP;1147.5
MIA;PHL;1630.55
MIA;PHX;3173.27
MIA;PIT;1630.13
MIA;PLS;930.874
MIA;POP;1200.57
MIA;POS;2610.56
MIA;PTY;1853.17
MIA;PUJ;1466.11
MIA;RDU;1127.16
MIA;REC;6177.79
MIA;RIC;1328.6
MIA;RNO;3964.85
MIA;RSW;167.974
MIA;SAL;1646.33
MIA;SAP;1393.19
MIA;SAV;707.634
MIA;SCL;6626.77
MIA;SDF;1465.38
MIA;SDQ;1364.91
MIA;SFO;4160.24
MIA;SJO;1796.88
MIA;SJU;1682.42
MIA;SKB;2045.14
MIA;SNA;3717.26
MIA;SRQ;286.974
MIA;SSA;6245.2
MIA;STI;1220.75
MIA;STL;1719.48
MIA;STT;1781.49
MIA;STX;1833.69
MIA;SXM;1969.25
MIA;TGU;1486.64
MIA;TLH;647.487
MIA;TPA;328.787
MIA;UIO;2875.91
MIA;UVF;2421.62
MIA;VVI;5151.91
MIA;YUL;2260.44
MIA;YVR;4507.53
MIA;YYZ;1984.88
MKE;MQT;399.501
MKE;ORD;107.597
MKE;STL;510.71
MKY;ROK;278.789
MKY;TSV;329.844
MLI;ORD;224.454
MLN;PMI;691.21
MLN;SVQ;354.637
MLN;VLC;515.972
MMD;OKA;364.179
MMY;OKA;283.482
MMY;TRA;61.986
MNL;NRT;3046.13
MNL;SYD;6242.86
MPN;PUQ;853.316
MPN;RGL;750.637
MPN;SCL;2276.65
MQT;ORD;506.952
MRZ;NAA;90.944
MRZ;SYD;508.993
MSN;ORD;174.588
MSN;STL;495.322
MSP;OKC;1117.29
MSP;ORD;537.76
MSP;PHL;1577.89
MSP;SFO;2557.05
MSP;STL;721.116
MSP;TUL;990.2
MSP;YYZ;1091.91
MSY;ORD;1346.51
MSY;RDU;1254.29
MSY;SLC;2298.6
MSY;SNA;2637.37
MSY;STL;971.252
MSY;TUS;1985.11
MSY;YYZ;1786.7
MTJ;ORD;1740.03
MTY;OMA;1765.17
MTY;TPA;1761.5
MVD;SCL;1369.46
MXP;NRT;9771.98
MYJ;NKM;418.825
MYJ;OKA;976.014
NAA;SYD;421.856
NAS;PLS;642.78
NEV;SJU;386.605
NGO;NRT;340.809
NGO;OKA;1300.6
NGO;PVG;1459.44
NGO;SDJ;517.838
NGO;TPE;1849.36
NGO;TSN;1791.88
NGS;NKM;696.838
NKM;OBO;992.53
NOU;SYD;1979.65
NRT;ORD;10097.4
NRT;PEK;2139.97
NRT;PER;7916.11
NRT;PUS;1040.5
NRT;PVG;1798.73
NRT;SFO;8246.44
NRT;SGN;4380.84
NRT;SIN;5349.65
NRT;SYD;7797.99
NRT;TAO;1801.69
NRT;TPE;2182.17
NRT;XMN;2470.02
NRT;YVR;7522.04
OGG;SJU;9343.53
OGN;OKA;507.453
OKA;OKJ;1120.18
OKA;RNJ;120.387
OKA;UEO;94.931
OKA;UKB;1184.4
OKC;ORD;1114.99
OKC;PBI;1925.69
OKC;PDX;2388.48
OKC;PHX;1341.33
OKC;SAT;654.866
OKC;SJC;2187.89
OKC;STL;742.732
OKC;TPA;1645.64
OMA;ORD;669.604
OMA;PHX;1669.51
OMA;RDU;1604
OMA;SEA;2200.8
ONT;SAT;1876.7
ORD;PBI;1840.54
ORD;PHL;1090.94
ORD;PHX;2317.28
ORD;PIA;209.109
ORD;PIT;663.807
ORD;PSP;2658.09
ORD;PVG;11357.4
ORD;PVR;2868.95
ORD;RDU;1039.96
ORD;RIC;1033.29
ORD;RNO;2689.88
ORD;ROC;849.404
ORD;RST;431.894
ORD;RSW;1802.88
ORD;SAN;2772.99
ORD;SAT;1676.17
ORD;SDF;461.105
ORD;SEA;2769.07
ORD;SFO;2971.11
ORD;SGF;705.3
ORD;SJC;2944.13
ORD;SJD;2908.11
ORD;SJU;3334.06
ORD;SLC;2011.35
ORD;SNA;2777.31
ORD;SPI;280.164
ORD;STL;415.254
ORD;SYR;976.459
ORD;TOL;343.336
ORD;TPA;1628.16
ORD;TUL;941.989
ORD;TUS;2312.69
ORD;TVC;360.055
ORD;TYS;763.908
ORD;XNA;839.958
ORD;YOW;1053.42
ORD;YUL;1203.51
ORD;YYZ;702.065
ORF;STL;1263.04
ORY;PMI;1019.52
ORY;RGS;847.045
ORY;VLL;963.105
ORY;ZAZ;828.549
OSL;SRP;324.46
OVD;SVQ;682.524
OVD;VLC;647.447
PBI;SAT;1830.92
PBO;PER;987.39
PDX;STL;2748.58
PEK;SYD;8934
PER;PHE;1308.13
PER;SIN;3894.87
PER;SYD;3284.13
PER;ZNE;1017.15
PHL;PHX;3339.91
PHL;SDQ;2436.36
PHL;SEA;3827.49
PHL;SJU;2536.3
PHL;STL;1309.21
PHX;RSW;3006.48
PHX;SDF;2423.74
PHX;STL;2030.7
PHX;TPA;2877.85
PMC;PUQ;1296.57
PMC;SCL;915.938
PMC;ZCO;299.237
PMI;SDR;695.373
PMI;VLC;276.052
PMI;VLL;684.09
POP;SJU;502.356
POS;SJU;1002.75
POS;UVF;349.613
PPT;SCL;7942.1
PQQ;SYD;320.125
PSP;PVR;1831.43
PTP;SJU;532.51
PUJ;SCL;5755.56
PUJ;SJU;249.789
PUQ;RGL;187.381
PUQ;SCL;2178.56
PUQ;USH;264.981
PVG;SYD;7836.4
RDU;SAN;3529.66
RDU;SGF;1314.58
RDU;STL;1074.17
RDU;TPA;944.877
RGL;SCL;2026.98
RIC;SAN;3645.42
RIC;SAT;2148.18
RIC;STL;1151.59
RIC;TUL;1659.68
RNO;XNA;2260.23
ROK;TSV;597.568
RSW;STL;1575.35
RSW;TUS;2892.13
SAN;SAT;1817.7
SAN;SJC;671.125
SAN;STL;2506.07
SAN;TUL;1990.27
SAT;SEA;2855.45
SAT;SJC;2339.7
SAT;SLC;1749.07
SAT;SMF;2353.84
SAT;STL;1264.81
SAT;TUS;1226.31
SAT;YYC;2723.7
SCL;SLA;1077.18
SCL;SYD;11362.8
SCL;UIO;3767.81
SCL;USH;2391.37
SCL;VVI;1904.89
SCL;YYZ;8581.13
SCL;ZCO;619.106
SCL;ZOS;826.161
SCQ;SVQ;645.041
SCQ;VLC;765.109
SDQ;SJU;387.402
SDR;SVQ;689.992
SDR;VLC;518.602
SEA;STL;2750.57
SFO;SNA;598.166
SFO;STL;2792.61
SFO;SYD;11936.4
SGF;STL;313.237
SIN;SYD;6287.87
SJC;SNA;550.34
SJD;TUS;1000.58
SJU;SKB;369.667
SJU;SLU;725.06
SJU;STI;496.518
SJU;STT;109.267
SJU;STX;151.292
SJU;SXM;309.121
SJU;TPA;1991.4
SLC;TPA;3037.67
SNA;YYZ;3472.53
SPC;SVQ;1473.86
STL;TPA;1398.5
STL;TUL;564.093
STL;TUS;2002.1
STL;XNA;442.747
STL;YVR;2848.8
STL;YYZ;1052.67
STX;TPA;2142.55
SVQ;TLS;923.283
SVQ;VLC;525.229
SVQ;VLL;484.408
SVQ;ZAZ;629.374
SXM;YUL;3197.37
SYD;TMW;318.914
SYD;WGA;366.42
SYD;WLG;2231.74
SYD;ZQN;1940.6
TFN;VLC;1902.15
TPA;YYZ;1761.51
VGO;VLC;750.833
VGO;ZAZ;631.876
ZCO;ZOS;207.98
